Mercedes-Benz of Anchorage
"Anchorage, AK 99501"
(907) 277-3383
"Crown Automobile Co., Inc."
"Hoover, AL 35244"
(205) 985-4200
"Jack Ingram Motors, Inc."
"Montgomery, AL 36124"
(334) 277-5700
"Leigh Automotive, Inc."
"Tuscaloosa, AL 35407"
(205) 556-1111
Mercedes-Benz of Dothan
"Dothan, AL 36301"
(334) 794-6716
Mercedes-Benz of Huntsville
"Huntsville, AL 35806"
(256) 837-5753
Mercedes-Benz of Mobile
"Mobile, AL 36606"
(251) 472-2369
Mercedes-Benz of Little Rock
"Little Rock, AR 72210"
(501) 666-9457
Mercedes-Benz of Northwest Arkansas
"Bentonville, AR 72712"
888-615-1240
Mercedes-Benz of Arrowhead
"Peoria, AZ 85382"
1-623-583-7200
Mercedes-Benz of Chandler
"Chandler, AZ 85226"
(480) 403-3400
Mercedes-Benz of Tucson
"Tucson, AZ 85715"
(520) 886-1311
Phoenix Motor Company
"Phoenix, AZ 85013"
1-602-264-4791
Schumacher European Ltd.
"Phoenix, AZ 85054"
(480) 991-1155
Alfano Motorcars
"San Luis Obispo, CA 93405"
(805) 543-5752
Autobahn Motors
"Belmont, CA 94002"
(650) 637-2333
Berberian European Motors
"Stockton, CA 95204"
(209) 944-5511
Beshoff MotorCars
"San Jose, CA 95148"
(408) 239-2300
"Calstar Motors, Inc."
"Glendale, CA 91204"
(818) 246-1800
"Courtesy Motors Auto Center, Inc."
"Chico, CA 95973"
(530) 893-1300
Downtown LA Motors
"Los Angeles, CA 90015"
1-888-335-6073
Fletcher Jones Motorcars
"Newport Beach, CA 92660"
(949) 718-3000
Fletcher Jones Motorcars of Fremont
"Fremont, CA 94538"
(510) 623-1111
"Hoehn Motors, Inc."
"Carlsbad, CA 92008"
(760) 438-4454
"House of Imports, Inc."
"Buena Park, CA 90621"
(714) 562-1100
"Keyes European, LLC"
"Van Nuys, CA 91401"
(818) 461-3900
Mercedes-Benz of Anaheim
"Anaheim, CA 92807"
(714) 777-1900
Mercedes-Benz of Bakersfield
"Bakersfield, CA 93313"
1-888-867-2091
Mercedes-Benz of Beverly Hills
"Beverly Hills, CA 90210"
(310) 659-2980
Mercedes-Benz of Calabasas
"Calabasas, CA 91302"
(877) 256-1108
Mercedes-Benz of El Dorado Hills
"El Dorado Hills, CA 95762"
1-888-773-3154
Mercedes-Benz of Encino
"Encino, CA 91436"
1-888-280-0902
Mercedes-Benz of Escondido
"Escondido, CA 92025"
(760) 745-5000
Mercedes-Benz of Fairfield
"Fairfield, CA 94533"
(707) 430-0101
Mercedes-Benz of Foothill Ranch
"Foothill Ranch, CA 92610"
1-949-328-8800
Mercedes-Benz of Fresno
"Fresno, CA 93650"
1-559-438-0300
Mercedes-Benz of Laguna Niguel
"Laguna Niguel, CA 92677"
1-949-347-3700
Mercedes-Benz of Long Beach
"Signal Hill, CA 90755"
(562) 988-8300
Mercedes-Benz of Monterey
"Monterey, CA 93942"
(831) 375-2456
Mercedes-Benz of Oakland
"Oakland, CA 94611"
(510) 832-6030
Mercedes-Benz of Ontario
"Ontario, CA 91761"
(909) 212-8400
Mercedes-Benz of Oxnard
"Oxnard, CA 93036"
(805) 604-6500
Mercedes-Benz of Palm Springs
"Palm Springs, CA 92264"
(760) 328-6525
Mercedes-Benz of Pleasanton
"Pleasanton, CA 94588"
(925) 463-2525
Mercedes-Benz of Rocklin
"Rocklin, CA 95677"
(916) 567-4300
Mercedes-Benz of Sacramento
"Sacramento, CA 95825"
1-888-479-0451
Mercedes-Benz of San Diego
"San Diego, CA 92111"
(858) 279-7202
Mercedes-Benz of San Francisco
"San Francisco, CA 94103"
(415) 673-2000
Mercedes-Benz of Santa Rosa
"Santa Rosa, CA 95407"
(707) 542-4810
Mercedes-Benz of South Bay
"Torrance, CA 90505"
(310) 534-3333
Mercedes-Benz of Valencia
"Santa Clarita, CA 91355"
(661) 753-5555
Mercedes-Benz of Walnut Creek
"Walnut Creek, CA 94596"
(925) 937-1655
Mercedes-Benz of West Covina
"West Covina, CA 91791"
(626) 859-1200
Modesto European Mercedes-Benz
"Modesto, CA 95356"
(209) 522-8100
Mercedes-Benz Park Avenue Motors
"Palo Alto, CA 94306"
(650) 494-0311
RAB Motors Mercedes-Benz
"San Rafael, CA 94901"
(415) 454-0582
Mercedes-Benz Rusnak/Arcadia
"Arcadia, CA 91007"
(626) 447-1117
Mercedes-Benz Santa Barbara Auto Group
"Santa Barbara, CA 93105"
1-888-864-1578
"Mercedes-Benz Silver Star A.G., Ltd."
"Thousand Oaks, CA 91362"
(805) 371-5400
Mercedes-Benz Smythe European Inc.
"San Jose, CA 95129"
(408) 983-5200
"Mercedes-BenzW.I. Simonson, Inc."
"Santa Monica, CA 90403"
(310) 829-4511
Walter's Auto Sales Mercedes-Benz
"Riverside, CA 92504"
(951) 688-3332
Mercedes-Benz of Colorado Springs
"Colorado Springs, CO 80906"
(866) 906-4059
Mercedes-Benz of Denver
"Denver, CO 80246"
(303) 759-3400
Mercedes-Benz of Littleton
"Littleton, CO 80122"
(303) 738-7700
Mercedes-Benz of Loveland
"Loveland, CO 80538"
(970) 278-2300
Mercedes-Benz of Westminster
"Westminster, CO 80020"
(303) 410-7800
Carriage House of New London Mercedes-Benz
"New London, CT 06320"
(860) 447-3361
Mercedes-Benz of Danbury
"Danbury, CT 06810"
(203) 778-6333
Mercedes-Benz of Fairfield
"Fairfield, CT 06825"
(203) 368-6725
Mercedes-Benz of Greenwich
"Greenwich, CT 06830"
(203) 869-2850
Mercedes-Benz of North Haven
"North Haven, CT 06473"
(203) 239-1313
New Country Motor Cars Mercedes-Benz
"Hartford, CT 06120"
(860) 278-2000
I.G. Burton Mercedes-Benz
"Milford, DE 19963"
(302) 424-3042
Mercedes-Benz of Wilmington
"Wilmington, DE 19805"
(302) 995-2211
Brumos Motor Cars Mercedes-Benz
"Jacksonville, FL 32225"
(904) 724-1080
Capital Eurocars Mercedes-Benz
"Tallahassee, FL 32304"
(850) 574-3777
Centennial Imports Mercedes-Benz
"Pensacola, FL 32505"
(850) 432-9903
Crown Eurocars Mercedes-Benz
"Saint Petersburg, FL 33714"
(727) 526-3738
Fields Motorcars Mercedes-Benz
"Lakeland, FL 33805"
(863) 688-8111
Lokey Motor Company Mercedes-Benz
"Clearwater, FL 33764"
(727) 530-1661
Mercedes-Benz of Coconut Creek
"Coconut Creek, FL 33073"
(954) 590-3100
Mercedes-Benz of Coral Gables
"Coral Gables, FL 33134"
(305) 445-8593
Mercedes-Benz of Cutler Bay
"Cutler Bay, FL 33189"
(305) 251-0345
Mercedes-Benz of Daytona Beach
"Daytona Beach, FL 32124"
(386) 274-4775
Mercedes-Benz of Delray
"Delray Beach, FL 33444"
(561) 381-6500
Mercedes-Benz of Fort Lauderdale
"Fort Lauderdale, FL 33316"
(954) 462-4381
Mercedes-Benz of Fort Myers
"Fort Myers, FL 33908"
(239) 433-8300
Mercedes-Benz of Fort Pierce
"Fort Pierce, FL 34982"
(772) 466-7000
Mercedes-Benz of Gainesville
"Gainesville, FL 32609"
1-888-860-9452
Mercedes-Benz of Melbourne
"Melbourne, FL 32901"
(321) 956-0600
Mercedes-Benz of Miami
"Miami, FL 33169"
(305) 919-8000
Mercedes-Benz of Naples
"Naples, FL 34104"
(239) 643-5006
Mercedes-Benz of North Orlando
"Sanford, FL 32771"
(407) 688-4200
Mercedes-Benz of North Palm Beach
"North Palm Beach, FL 33403"
(561) 848-2900
Mercedes-Benz of Orange Park
"Jacksonville, FL 32244"
(904) 777-5900
Mercedes-Benz of Orlando
"Maitland, FL 32751"
(407) 645-4222
Mercedes-Benz of Palm Beach
"West Palm Beach, FL 33409"
(561) 689-6363
Mercedes-Benz of Pembroke Pines
"Pembroke Pines, FL 33027"
(954) 517-8600
Mercedes-Benz of Pompano
"Pompano Beach, FL 33064"
(954) 943-5000
Mercedes-Benz of Sarasota
"Sarasota, FL 34233"
(941) 923-3441
Mercedes-Benz of South Orlando
"Orlando, FL 32839"
(407) 367-2700
Mercedes-Benz of Tampa
"Tampa, FL 33614"
(813) 870-0010
Quality Imports Mercedes-Benz
"Fort Walton Beach, FL 32547"
(850) 863-2161
Albany Motorcars Mercedes-Benz
"Albany, GA 31705"
(229) 883-2040
Atlanta Classic Cars Mercedes-Benz
"Duluth, GA 30096"
(770) 279-3600
Critz Mercedes-Benz
"Savannah, GA 31403"
(912) 354-7000
Mercedes-Benz of Athens
"Bogart, GA 30604"
(706) 549-6585
Mercedes-Benz of Augusta
"Augusta, GA 30907"
(706) 860-1111
Mercedes-Benz of Buckhead
"Atlanta, GA 30305"
(404) 846-3500
Mercedes-Benz of Columbus
"Columbus, GA 31909"
(706) 256-6100
Mercedes-Benz of Macon
"Macon, GA 31210"
(478) 477-4858
Mercedes-Benz of South Atlanta
"Atlanta, GA 30349"
(770) 964-1600
R B M of Atlanta Mercedes-Benz
"Atlanta, GA 30350"
(770) 390-0700
RBM of Atlanta - North Mercedes-Benz
"Alpharetta, GA 30004"
(678) 637-2333
Carousel Motors Mercedes-Benz
"Iowa City, IA 52246"
(319) 354-2550
Lujack Motorwerks Mercedes-Benz
"Davenport, IA 52806"
(563) 386-1511
Mercedes-Benz of Des Moines
"Des Moines, IA 50322"
(877) 331-4794
Mercedes-Benz of Boise
"Boise, ID 83709"
(208) 377-3900
Autohaus On Edens Mercedes-Benz
"Northbrook, IL 60062"
(847) 272-7900
Autohaus of Peoria Mercedes-Benz
"Peoria, IL 61615"
(309) 243-7000
Brian Bemis Imports Mercedes-Benz
"Sycamore, IL 60178"
(815) 895-8105
Isringhausen Imports Mercedes-Benz
"Springfield, IL 62701"
(217) 528-2277
JP Motors Mercedes-Benz
"Peru, IL 61354"
(815) 223-7000
Knauz Continental Autos Mercedes-Benz
"Lake Bluff, IL 60044"
(847) 234-1700
Loeber Motors Mercedes-Benz
"Lincolnwood, IL 60712"
(847) 675-1000
Mercedes-Benz of Chicago
"Chicago, IL 60642"
(312) 628-4500
Mercedes-Benz of Hoffman Estates
"Hoffman Estates, IL 60169"
(866) 979-0869
Mercedes-Benz of Marion
"Marion, IL 62959"
(618) 997-1313
Mercedes-Benz of Naperville
"Naperville, IL 60540"
(630) 305-4560
Mercedes-Benz of Orland Park
"Orland Park, IL 60462"
(708) 460-0400
Mercedes-Benz of St. Charles
"St. Charles, IL 60174"
(630) 485-2300
Mercedes-Benz of Westmont
"Westmont, IL 60559"
(630) 654-8100
Motor Werks of Barrington Mercedes-Benz
"Barrington, IL 60010"
(866) 938-9842
Napleton's Autowerks Mercedes-Benz
"Bourbonnais, IL 60914"
(815) 933-8221
Napleton's Autowerks Mercedes-Benz
"Loves Park, IL 61111"
(815) 636-6600
Sud's Motor Car Company Mercedes-Benz
"Normal, IL 61761"
1-800-345-1679
Sullivan-Parkhill Imports Mercedes-Benz
"Champaign, IL 61822"
(217) 352-4161
D-Patrick Mercedes-Benz
"Evansville, IN 47715"
(812) 473-6500
Gurley-Leep Motor Werks Mercedes-Benz
"Mishawaka, IN 46545"
(574) 254-7130
Mercedes-Benz of Fort Wayne
"Fort Wayne, IN 46804"
(260) 432-7200
Mercedes-Benz of Indianapolis
"Indianapolis, IN 46208"
(317) 924-5321
Mike Raisor Imports Mercedes-Benz
"Lafayette, IN 47903"
(765) 448-4582
Napleton's Auto Werks of Indiana Mercedes-Benz
"Schererville, IN 46375"
(219) 865-3800
World Wide Motors Mercedes-Benz
"Indianapolis, IN 46240"
(317) 580-6800
Aristocrat Motors Mercedes-Benz
"Merriam, KS 66203"
(913) 677-3300
Scholfield Auto Plaza Mercedes-Benz
"Wichita, KS 67207"
1-888-869-6188
Fannin Imports Mercedes-Benz
"ASHLAND, KY 41102"
(606) 929-9000
James Motor Company Mercedes-Benz
"Lexington, KY 40502"
(859) 268-1150
Luxury Imports of Bowling Green Mercedes-Benz
"Bowling Green, KY 42104"
(270) 745-0001
Tafel Motors Mercedes-Benz
"Louisville, KY 40207"
(502) 896-4411
Holmes European Motors Mercedes-Benz
"Shreveport, LA 71135"
(318) 212-1212
Mercedes-Benz of Alexandria
"Alexandria, LA 71303"
(318) 445-6681
Mercedes-Benz of Baton Rouge
"Baton Rouge, LA 70816"
(225) 490-3101
Mercedes-Benz of New Orleans
"Metairie, LA 70002"
(504) 456-3727
Moss Motors Mercedes-Benz
"Lafayette, LA 70509"
(337) 235-9086
Flagship Motorcars Mercedes-Benz
"Lynnfield, MA 01940"
(781) 596-9700
Mercedes-Benz of Boston
"Somerville, MA 02143"
(617) 666-4100
Mercedes-Benz of Natick
"Natick, MA 01760"
(508) 655-5350
Mercedes-Benz of Shrewsbury
"Shrewsbury, MA 01545"
(508) 581-5600
Mercedes-Benz of Westwood
"Westwood, MA 02090"
(866) 261-8291
Prime Service Center
"Hyannis, MA 02601"
1-508-815-2100
Smith Motor Sales of Haverhill Mercedes-Benz
"Haverhill, MA 01832"
(978) 372-2552
Euro Motorcars Germantown Mercedes-Benz
"Germantown, MD 20874"
(301) 601-5500
Euro Motorcars Mercedes-Benz
"Bethesda, MD 20814"
(301) 986-8800
Mercedes-Benz of Annapolis
"Annapolis, MD 21403"
(410) 268-2222
Mercedes-Benz of Catonsville
"Catonsville, MD 21228"
(410) 788-7744
Mercedes-Benz of Hagerstown
"Hagerstown, MD 21740"
(301) 733-2301
Mercedes-Benz of Hunt Valley
"Cockeysville, MD 21030"
(443) 689-4269
Mercedes-Benz of Salisbury
"Salisbury, MD 21801"
(410) 548-3411
Mercedes-Benz of Silver Spring
"Silver Spring, MD 20904"
(301) 890-3030
R & H Motor Cars Mercedes-Benz
"Owings Mills, MD 21117"
(410) 363-3900
Prime Motor Cars Mercedes-Benz
"Scarborough, ME 04074"
(207) 510-2250
Quirk Auto Park of Bangor Mercedes-Benz
"Bangor, ME 04401"
(207) 941-1017
Betten Imports Mercedes-Benz
"Grand Rapids, MI 49546"
(616) 301-2100
Grand Blanc Motorcars Mercedes-Benz
"Grand Blanc, MI 48439"
(810) 695-4400
Mercedes-Benz of Ann Arbor
"Ann Arbor, MI 48103"
1-800-589-0936
Mercedes-Benz of Bloomfield Hills
"Bloomfield Hills, MI 48304"
(248) 644-8400
Mercedes-Benz of Novi
"Novi, MI 48375"
(248) 426-9600
Mercedes-Benz of Rochester
"Rochester, MI 48307"
(248) 652-3800
Mercedes-Benz of St. Clair Shores
"St. Clair Shores, MI 48080"
(586) 773-2369
Mercedes-Benz of Traverse City
"Traverse City, MI 49684"
(231) 938-3800
Okemos Auto Collection Mercedes-Benz
"Okemos, MI 48864"
(517) 853-2600
Orrin B. Hayes Mercedes-Benz
"Kalamazoo, MI 49007"
(269) 345-0167
Feldmann Imports Mercedes-Benz
"Bloomington, MN 55437"
(952) 837-6300
Mercedes-Benz of Maplewood
"Maplewood, MN 55109"
(651) 483-2681
Mercedes-Benz of Rochester
"Rochester, MN 55904"
(507) 424-3001
Sears Imported Autos Mercedes-Benz
"Minnetonka, MN 55305"
(952) 546-5301
Elite Automotive Group Mercedes-Benz
"Springfield, MO 65807"
(417) 889-5750
Frank Fletcher Imports Mercedes-Benz
"Joplin, MO 64804"
(417) 206-7977
Joe Machens Mercedes-Benz
"Columbia, MO 65203"
(573) 886-7040
Mercedes-Benz of Kansas City
"Kansas City, MO 64145"
(816) 943-7000
Plaza Motor Company Mercedes-Benz
"Creve Coeur, MO 63141"
(314) 301-1715
Plaza Motors West Mercedes-Benz
"O'Fallon, MO 63368"
(636) 300-2277
Tri-Star Imports Mercedes-Benz
"Ellisville, MO 63011"
(636) 458-5222
Mercedes-Benz of Jackson
"Jackson, MS 39206"
(601) 956-4211
Mercedes-Benz of South Mississippi
"D’lberville, MS 39540"
(228) 265-9185
Demarois Buick GMC Mercedes-Benz
"Missoula, MT 59801"
(406) 721-4000
Mercedes-Benz of Billings
"Billings, MT 59102"
(406) 294-7000
Bob King Autohaus Mercedes-Benz
"Wilmington, NC 28406"
(910) 799-3520
Hendrick Motors of Charlotte Mercedes-Benz
"Charlotte, NC 28212"
(704) 535-6400
Leith Mercedes-Benz
"Raleigh, NC 27616"
(919) 876-5432
Mercedes-Benz of Cary
"Cary, NC 27511"
(919) 380-1800
Mercedes-Benz of Fayetteville
"Fayetteville, NC 28303"
1-800-264-3203
Mercedes-Benz of Greensboro
"Greensboro, NC 27407"
(336) 856-1552
Mercedes-Benz of Northlake
"Charlotte, NC 28269"
(704) 379-4800
Mercedes-Benz of South Charlotte
"Pineville, NC 28134"
(704) 889-4444
Mercedes-Benz of Winston-Salem
"Winston-Salem, NC 27114"
(336) 760-4580
Skyland Automotive Mercedes-Benz
"Asheville, NC 28816"
(828) 667-5213
Valley Imports Mercedes-Benz
"Fargo, ND 58103"
(701) 277-1777
Husker Auto Group Mercedes-Benz
"Lincoln, NE 68521"
(402) 479-7600
Mercedes-Benz of Omaha
"Omaha, NE 68137"
(402) 384-9999
Holloway Automotive Mercedes-Benz
"Greenland, NH 03840"
(603) 431-8585
Holloway Motor Cars of Manchester Mercedes-Benz
"Manchester, NH 03103"
(603) 669-6788
Benzel-Busch Motor Car Mercedes-Benz
"Englewood, NJ 07631"
(866) 751-2754
Contemporary Motor Cars Mercedes-Benz
"Little Silver, NJ 07739"
(732) 842-5353
Globe Motor Car Mercedes-Benz
"Fairfield, NJ 07004"
(973) 227-3600
Intercar Mercedes-Benz
"Newton, NJ 07860"
(973) 383-8300
Mercedes-Benz of Atlantic City
"West Atlantic City, NJ 08232"
(609) 645-9000
Mercedes-Benz of Cherry Hill
"Cherry Hill, NJ 08002"
(856) 663-3200
Mercedes-Benz of Flemington
"Flemington, NJ 08822"
(908) 788-0003
Mercedes-Benz of Freehold
"Freehold, NJ 07728"
(732) 339-6800
Mercedes-Benz of Morristown
"Morristown, NJ 07962"
(973) 267-9200
Mercedes-Benz of Princeton
"Lawrenceville, NJ 08648"
(609) 771-8040
Open Road of Bridgewater Mercedes-Benz
"Bridgewater, NJ 08807"
(908) 685-0800
Prestige Motors Mercedes-Benz
"Paramus, NJ 07652"
(201) 265-7800
Ray Catena Motor Mercedes-Benz
"Edison, NJ 08817"
(732) 549-6600
Ray Catena of Union Mercedes-Benz
"Union, NJ 07083"
(908) 379-7200
Mercedes-Benz of Albuquerque
"Albuquerque, NM 87113"
(888) 253-3816
Mercedes-Benz of Santa Fe
"Santa Fe, NM 87507"
(505) 913-2900
Fletcher Jones Imports Mercedes-Benz
"Las Vegas, NV 89117"
(702) 364-2700
Mercedes-Benz of Henderson
"Henderson, NV 89014"
(702) 485-3000
Mercedes-Benz of Reno
"Reno, NV 89511"
(775) 326-4000
Estate Motors Mercedes-Benz
"Goldens Bridge, NY 10526"
(914) 232-8122
Helms Bros Mercedes-Benz
"Bayside, NY 11361"
(718) 631-8181
Keeler Motor Car Company Mercedes-Benz
"Latham, NY 12110"
(518) 785-4197
"Mercedes-Benz Manhattan, Inc."
"New York, NY 10019"
(212) 629-1600
Mercedes-Benz of Brooklyn
"Brooklyn, NY 11214"
(718) 258-5100
Mercedes-Benz of Buffalo
"Williamsville, NY 14221"
(716) 633-0088
Mercedes-Benz of Huntington
"Huntington, NY 11743"
(631) 549-2369
Mercedes-Benz of Massapequa
"Amityville, NY 11701"
(631) 789-1600
Mercedes-Benz of Nanuet
"Nanuet, NY 10954"
(845) 624-1500
Mercedes-Benz of New Rochelle
"New Rochelle, NY 10801"
(914) 275-4000
Mercedes-Benz of Rochester
"Rochester, NY 14623"
(585) 424-4740
Mercedes-Benz of Rockville Centre
"Rockville Centre, NY 11570"
(516) 766-6900
Mercedes-Benz of Smithtown
"St. James, NY 11780"
(631) 265-2204
Mercedes-Benz of Southampton
"Southampton, NY 11968"
(631) 204-2500
Mercedes-Benz of Wappingers Falls
"Wappingers Falls, NY 12590"
(866) 210-9199
Mercedes-Benz of White Plains
"White Plains, NY 10606"
(914) 949-4000
Rallye Motors Mercedes-Benz
"Roslyn, NY 11576"
(516) 625-1600
Romano Motors Mercedes-Benz
"Fayetteville, NY 13066"
(315) 637-4500
Silver Star Motors Mercedes-Benz
"Long Island City, NY 11101"
(718) 361-2332
Coppus Motors Mercedes-Benz
"Tiffin, OH 44883"
(419) 447-8131
Crown Eurocars Mercedes-Benz
"Dublin, OH 43017"
(614) 799-4666
Fred Martin of Youngstown Mercedes-Benz
"Youngstown, OH 44515"
(330) 793-2444
Kempthorn Motors Mercedes-Benz
"Canton, OH 44703"
(330) 452-6511
Mansfield Motor Group Mercedes-Benz
"Mansfield, OH 44906"
(419) 529-7800
Mercedes-Benz of Akron
"Akron, OH 44305"
(330) 733-7511
Mercedes-Benz of Bedford
"Bedford, OH 44146"
1-888-429-2144
Mercedes-Benz of Centerville
"Centerville, OH 45459"
(937) 433-0990
Mercedes-Benz of Cincinnati
"Cincinnati, OH 45236"
(513) 984-9000
Mercedes-Benz of Easton
"Columbus, OH 43219"
(614) 299-2144
Mercedes-Benz of North Olmsted
"North Olmsted, OH 44070"
(440) 716-2700
Mercedes-Benz of West Chester
"West Chester, OH 45069"
1-888-871-7308
Mercedes-Benz of Willoughby
"Willoughby, OH 44094"
(440) 946-6900
Vin Devers Mercedes-Benz
"Sylvania, OH 43560"
(419) 885-5111
Jackie Cooper Imports Mercedes-Benz
"Tulsa, OK 74133"
(918) 249-9393
Mercedes-Benz of Oklahoma City
"Oklahoma City, OK 73146"
(405) 236-1224
Mercedes-Benz of Beaverton
"Portland, OR 97225"
(503) 296-1700
Mercedes-Benz of Bend
"Bend, OR 97702"
(541) 749-2500
Mercedes-Benz of Eugene
"Eugene, OR 97401"
(541) 687-8888
Mercedes-Benz of Medford
"Medford, OR 97504"
(541) 774-1000
Mercedes-Benz of Portland
"Portland, OR 97201"
1-888-208-7248
Mercedes-Benz of Salem
"Salem, OR 97302"
(503) 585-1231
Mercedes-Benz of Wilsonville
"Wilsonville, OR 97070"
1-888-205-9879
Bobby Rahal Motorcar Mercedes-Benz
"Wexford, PA 15090"
(724) 935-9300
Bud Smail Motorcars Mercedes-Benz
"Greensburg, PA 15601"
(724) 838-1200
Contemporary Motorcar Mercedes-Benz
"Erie, PA 16509"
(814) 868-8622
EuroMotorcars Devon Mercedes-Benz
"Devon, PA 19333"
(610) 687-1500
John Sisson Motors Mercedes-Benz
"Washington, PA 15301"
(724) 206-6000
Keenan Motors Mercedes-Benz
"Doylestown, PA 18902"
(215) 348-0800
Knopf Automotive Mercedes-Benz
"Allentown, PA 18103"
(610) 967-4121
Mercedes-Benz of Fort Washington
"Fort Washington, PA 19034"
(215) 646-7700
Mercedes-Benz of Lancaster
"East Petersburg, PA 17520"
(717) 569-2100
Mercedes-Benz of Pittsburgh
"Pittsburgh, PA 15213"
(412) 683-5000
Mercedes-Benz of State College
"State College, PA 16801"
(814) 238-2447
Mercedes-Benz of West Chester
"West Chester, PA 19382"
(484) 313-1100
Motorworld Mercedes-Benz
"Wilkes-Barre, PA 18703"
(570) 829-3500
Sun Motor Cars Mercedes-Benz
"Mechanicsburg, PA 17050"
(717) 691-3333
Tom Masano Mercedes-Benz
"Reading, PA 19607"
(610) 777-6587
Mercedes-Benz of Warwick
"Warwick, RI 02886"
(401) 821-1510
Viti Mercedes-Benz
"Tiverton, RI 02878"
(401) 624-6181
Baker Motor Company of Charleston Mercedes-Benz
"Charleston, SC 29407"
(843) 852-4000
Carlton Motorcars Mercedes-Benz
"Greenville, SC 29607"
(864) 213-8000
Dick Dyer Mercedes-Benz
"Columbia, SC 29202"
(803) 786-8888
Florence Classic Cars Mercedes-Benz
"Florence, SC 29501"
(843) 662-8711
Mercedes-Benz of Hilton Head
"Bluffton, SC 29910"
(843) 815-0300
Mercedes-Benz of Myrtle Beach
"Myrtle Beach, SC 29577"
(843) 848-6767
Mercedes-Benz of Sioux Falls
"Sioux Falls, SD 57107"
1-888-339-5060
Long of Chattanooga Mercedes-Benz
"Chattanooga, TN 37422"
(423) 855-3726
Mercedes-Benz of Knoxville
"Knoxville, TN 37922"
(865) 777-2222
Mercedes-Benz of Memphis
"Memphis, TN 38119"
(901) 345-6211
Mercedes-Benz of Nashville
"Franklin, TN 37067"
(615) 742-8000
Rick Hill Imports Mercedes-Benz
"Kingsport, TN 37662"
(423) 224-2260
Alderson European Motors Mercedes-Benz
"Midland, TX 79706"
(432) 699-7993
Alderson European Motors Mercedes-Benz
"Lubbock, TX 79401"
(806) 749-2369
Alex Rodriguez Mercedes-Benz
"League City, TX 77573"
(281) 554-9100
Cardenas Metroplex Mercedes-Benz
"Harlingen, TX 78550"
(956) 428-2369
Ed Hicks Imports Mercedes-Benz
"Corpus Christi, TX 78415"
(361) 854-1955
Mercedes-Benz of Austin Texas
"Austin, TX 78752"
(512) 454-6821
Mercedes-Benz of Boerne
"Boerne, TX 78006"
(830) 981-6000
Mercedes-Benz of El Paso
"El Paso, TX 79925"
(915) 778-5341
Mercedes-Benz of Georgetown
"Georgetown, TX 78627"
(512) 868-9711
Mercedes-Benz of Houston Greenway
"Houston, TX 77027"
1-888-872-1461
Mercedes-Benz of Houston North
"Houston, TX 77090"
(281) 233-6000
Mercedes-Benz of Plano
"Plano, TX 75093"
(972) 599-0909
Mercedes-Benz of San Antonio
"San Antonio, TX 78216"
(210) 366-9600
Mercedes-Benz of San Juan
"San Juan, TX 78589"
(956) 787-4400
Mercedes-Benz of Sugar Land
"Sugar Land, TX 77478"
(281) 207-1500
Mercedes-Benz of Lindon
"Lindon, UT 84042"
(801) 222-4400
Mercedes-Benz of Salt Lake City
"Salt Lake City, UT 84111"
(801) 257-3000
Brown European Imports Mercedes-Benz
"Charlottesville, VA 22911"
(434) 817-3380
Crossroads of Roanoke Mercedes-Benz
"Roanoke, VA 24014"
(540) 344-6284
David R. Mc George Car Mercedes-Benz
"Richmond, VA 23294"
(804) 755-9300
Mercedes-Benz of Alexandria
"Alexandria, VA 22304"
(703) 341-2100
Mercedes-Benz of Arlington
"Arlington, VA 22203"
(703) 525-2100
Mercedes-Benz of Chantilly
"Chantilly, VA 20151"
(703) 956-2000
Mercedes-Benz of Fredericksburg
"Fredericksburg, VA 22401"
(540) 373-5200
Mercedes-Benz of Midlothian
"Midlothian, VA 23113"
(804) 545-9600
Mercedes-Benz of Tysons Corner
"Vienna, VA 22182"
(703) 442-8200
Mercedes-Benz of Virginia Beach
"Virginia Beach, VA 23462"
(757) 499-3771
Tysinger Motor Mercedes-Benz
"Hampton, VA 23666"
(757) 865-8000
The Automaster Mercedes-Benz
"Shelburne, VT 05482"
(802) 985-8482
Mercedes-Benz of Bellevue
"Bellevue, WA 98005"
(425) 455-8535
Mercedes-Benz of Lynnwood
"Lynnwood, WA 98037"
(425) 673-0505
Mercedes-Benz of Seattle
"Seattle, WA 98122"
(206) 324-5959
Mercedes-Benz of Spokane
"Liberty Lake, WA 99019"
(877) 331-4796
Mercedes-Benz of Tacoma
"Fife, WA 98424"
(253) 922-6820
Mercedes-Benz of Tri-Cities
"Kennewick, WA 99336"
(509) 547-5555
Steve Hahn Mercedes-Benz
"Yakima, WA 98901"
(509) 248-4700
Wilson Motors Mercedes-Benz
"Bellingham, WA 98229"
(360) 676-0600
Concours Motors Mercedes-Benz
"Glendale, WI 53209"
(414) 290-1400
Enterprise Motorcars Mercedes-Benz
"Appleton, WI 54913"
(920) 749-2020
International Autos Mercedes-Benz
"West Allis, WI 53227"
(414) 543-3000
Mercedes-Benz of Elmbrook
"Waukesha, WI 53186"
(262) 821-5000
Zimbrick European Mercedes-Benz
"Madison, WI 53713"
(608) 258-4000
Astorg Motor Mercedes-Benz
"Parkersburg, WV 26102"
(304) 422-6403
Mercedes-Benz of Morgantown
"Morgantown, WV 26507"
1-888-858-6997
Smith Company Motor Cars Mercedes-Benz
"Charleston, WV 25309"
1-800-427-4034